{"day":{"Aerial Application":[{"Friday":0.291666666666667,"Monday":0.333333333333333,"Saturday":0.4,"Sunday":0.2,"Thursday":0.307692307692308,"Tuesday":0.388888888888889,"Wednesday":0.305555555555556}],"Business":[{"Friday":0.340277777777778,"Monday":0.21551724137931,"Saturday":0.212962962962963,"Sunday":0.175531914893617,"Thursday":0.317919075144509,"Tuesday":0.329113924050633,"Wednesday":0.293193717277487}],"Instructional":[{"Friday":0.115,"Monday":0.130057803468208,"Saturday":0.145752895752896,"Sunday":0.0989445910290237,"Thursday":0.153186274509804,"Tuesday":0.138268156424581,"Wednesday":0.147959183673469}],"Personal":[{"Friday":0.274762550881954,"Monday":0.259795570698467,"Saturday":0.240833654959475,"Sunday":0.218921032056294,"Thursday":0.264912280701754,"Tuesday":0.243131868131868,"Wednesday":0.237057220708447}],"Positioning":[{"Friday":0.341463414634146,"Monday":0.462962962962963,"Saturday":0.315789473684211,"Sunday":0.525,"Thursday":0.364864864864865,"Tuesday":0.432432432432432,"Wednesday":0.28125}],"Unknown":[{"Friday":0.202857142857143,"Monday":0.144144144144144,"Saturday":0.195652173913043,"Sunday":0.279279279279279,"Thursday":0.291970802919708,"Tuesday":0.229323308270677,"Wednesday":0.231543624161074}]},"weekend":{"Aerial Application":[{"No Weekend":0.325842696629214,"Saturday":0.4,"Sunday":0.2}],"Business":[{"No Weekend":0.30306905370844,"Saturday":0.212962962962963,"Sunday":0.175531914893617}],"Instructional":[{"No Weekend":0.137079831932773,"Saturday":0.145752895752896,"Sunday":0.0989445910290237}],"Personal":[{"No Weekend":0.257231232235412,"Saturday":0.240833654959475,"Sunday":0.218921032056294}],"Positioning":[{"No Weekend":0.382911392405063,"Saturday":0.315789473684211,"Sunday":0.525}],"Unknown":[{"No Weekend":0.221985815602837,"Saturday":0.195652173913043,"Sunday":0.279279279279279}]},"month":{"Aerial Application":[{"01":"NaN","02":0,"03":0,"04":0.428571428571429,"05":0.444444444444444,"06":0.342105263157895,"07":0.4,"08":0.239130434782609,"09":0.6,"10":0.2,"11":0,"12":"NA"}],"Business":[{"01":0.311764705882353,"02":0.270833333333333,"03":0.206896551724138,"04":0.286407766990291,"05":0.259493670886076,"06":0.253846153846154,"07":0.252808988764045,"08":0.27710843373494,"09":0.235,"10":0.308139534883721,"11":0.395833333333333,"12":0.349206349206349}],"Instructional":[{"01":0.127329192546584,"02":0.169312169312169,"03":0.0965665236051502,"04":0.123076923076923,"05":0.131086142322097,"06":0.125,"07":0.121666666666667,"08":0.134146341463415,"09":0.119747899159664,"10":0.141463414634146,"11":0.178010471204188,"12":0.162921348314607}],"Personal":[{"01":0.284710017574692,"02":0.263157894736842,"03":0.242078580481622,"04":0.252127659574468,"05":0.225883476599809,"06":0.192676547515257,"07":0.215037593984962,"08":0.239303843364757,"09":0.235111111111111,"10":0.251674107142857,"11":0.315592203898051,"12":0.313586097946288}],"Positioning":[{"01":0.411764705882353,"02":0.454545454545455,"03":0.423076923076923,"04":0.230769230769231,"05":0.375,"06":0.476190476190476,"07":0.25,"08":0.45,"09":0.3125,"10":0.4,"11":0.411764705882353,"12":0.555555555555556}],"Unknown":[{"01":0.168539325842697,"02":0.241935483870968,"03":0.170886075949367,"04":0.272151898734177,"05":0.267441860465116,"06":0.305882352941176,"07":0.206521739130435,"08":0.166666666666667,"09":0.267857142857143,"10":0.169117647058824,"11":0.234848484848485,"12":0.241935483870968}]},"year":{"Aerial Application":[{"1982":0.6,"1983":0,"1984":0.233333333333333,"1985":0.0625,"1986":0.571428571428571,"1987":0.25,"1988":0.357142857142857,"1989":0.25,"1990":0.5,"1991":0.5,"1992":0,"1993":0,"1994":0,"1995":0.25,"1996":0.125,"1997":1,"1998":0,"1999":0.6,"2000":0,"2001":0.833333333333333,"2002":0.833333333333333,"2003":0.5,"2004":1,"2005":"NaN","2006":0.5,"2007":"NA","2008":0,"2009":"NaN","2010":"NaN","2011":"NaN","2012":0.5,"2013":"NaN"}],"Business":[{"1982":0.178947368421053,"1983":0.179775280898876,"1984":0.240740740740741,"1985":0.203296703296703,"1986":0.294642857142857,"1987":0.214285714285714,"1988":0.330357142857143,"1989":0.291666666666667,"1990":0.375,"1991":0.259615384615385,"1992":0.181818181818182,"1993":0.328947368421053,"1994":0.325,"1995":0.327586206896552,"1996":0.206896551724138,"1997":0.232142857142857,"1998":0.175,"1999":0.318181818181818,"2000":0.25,"2001":1,"2002":0.833333333333333,"2003":0.916666666666667,"2004":0.75,"2005":1,"2006":0.833333333333333,"2007":0.8,"2008":0.571428571428571,"2009":0.75,"2010":0.75,"2011":0.5,"2012":1,"2013":0.75}],"Instructional":[{"1982":0.0384615384615385,"1983":0.116564417177914,"1984":0.111111111111111,"1985":0.0671641791044776,"1986":0.0294117647058824,"1987":0.110062893081761,"1988":0.0915032679738562,"1989":0.0655172413793104,"1990":0.110687022900763,"1991":0.0945945945945946,"1992":0.109243697478992,"1993":0.0875,"1994":0.0676691729323308,"1995":0.0833333333333333,"1996":0.074468085106383,"1997":0.0905511811023622,"1998":0.0846153846153846,"1999":0.0905797101449275,"2000":0.124161073825503,"2001":0.90625,"2002":0.8,"2003":0.868421052631579,"2004":0.863636363636364,"2005":0.892857142857143,"2006":0.911764705882353,"2007":0.714285714285714,"2008":0.261363636363636,"2009":0.863636363636364,"2010":0.807692307692308,"2011":0.909090909090909,"2012":0.833333333333333,"2013":0.833333333333333}],"Personal":[{"1982":0.18887262079063,"1983":0.194074074074074,"1984":0.176470588235294,"1985":0.201121794871795,"1986":0.191011235955056,"1987":0.162640901771337,"1988":0.180327868852459,"1989":0.193836978131213,"1990":0.199608610567515,"1991":0.178498985801217,"1992":0.200581395348837,"1993":0.196544276457883,"1994":0.197619047619048,"1995":0.20020964360587,"1996":0.172949002217295,"1997":0.182983682983683,"1998":0.182900432900433,"1999":0.148558758314856,"2000":0.176136363636364,"2001":0.901234567901235,"2002":0.908602150537634,"2003":0.9,"2004":0.914634146341463,"2005":0.866279069767442,"2006":0.850746268656716,"2007":0.767857142857143,"2008":0.378378378378378,"2009":0.908045977011494,"2010":0.892857142857143,"2011":0.8125,"2012":0.839285714285714,"2013":0.916666666666667}],"Positioning":[{"1982":"NA","1983":0.333333333333333,"1984":0.642857142857143,"1985":0.291666666666667,"1986":0.178571428571429,"1987":0.333333333333333,"1988":0.5,"1989":0.222222222222222,"1990":0.125,"1991":0.2,"1992":0,"1993":0.5,"1994":0.222222222222222,"1995":0.181818181818182,"1996":0.4,"1997":0.239130434782609,"1998":0.611111111111111,"1999":0.392857142857143,"2000":0.227272727272727,"2001":1,"2002":1,"2003":0.8125,"2004":0.875,"2005":0.75,"2006":1,"2007":1,"2008":0.166666666666667,"2009":"NaN","2010":1,"2011":1,"2012":1,"2013":0.5}],"Unknown":[{"1982":0.22463768115942,"1983":0.209459459459459,"1984":0.213235294117647,"1985":0.230769230769231,"1986":0.111111111111111,"1987":0.3125,"1988":0.257142857142857,"1989":0.25,"1990":0.21875,"1991":0.285714285714286,"1992":0.279411764705882,"1993":0.283783783783784,"1994":0.184782608695652,"1995":0.236111111111111,"1996":0.116071428571429,"1997":0.19811320754717,"1998":0.277777777777778,"1999":0.214285714285714,"2000":0.157894736842105,"2001":1,"2002":1,"2003":"NaN","2004":1,"2005":1,"2006":"NaN","2007":"NaN","2008":0.25,"2009":"NA","2010":1,"2011":"NA","2012":"NaN","2013":0.5}]},"holiday":{"Aerial Application":[{"Christmas":"NA","No Holiday":0.330275229357798,"Thanksgiving":"NA"}],"Business":[{"Christmas":0.4,"No Holiday":0.279274611398964,"Thanksgiving":0.333333333333333}],"Instructional":[{"Christmas":0.118421052631579,"No Holiday":0.133211678832117,"Thanksgiving":0.195652173913043}],"Personal":[{"Christmas":0.27020202020202,"No Holiday":0.242761692650334,"Thanksgiving":0.33974358974359}],"Positioning":[{"Christmas":0.7,"No Holiday":0.376315789473684,"Thanksgiving":1}],"Unknown":[{"Christmas":0.25,"No Holiday":0.224064171122995,"Thanksgiving":0.285714285714286}]}}
