{"day":{"Aerial Application":[{"Friday":1,"Monday":0.5,"Saturday":0,"Sunday":"NA","Thursday":1,"Tuesday":0,"Wednesday":0}],"Business":[{"Friday":0.319339826839827,"Monday":0.296319444444444,"Saturday":0.211969696969697,"Sunday":0.17969696969697,"Thursday":0.315873015873016,"Tuesday":0.373809523809524,"Wednesday":0.314257199885942}],"Instructional":[{"Friday":0.272988505747126,"Monday":0.276524644945698,"Saturday":0.242211838006231,"Sunday":0.302247191011236,"Thursday":0.291071428571429,"Tuesday":0.251016260162602,"Wednesday":0.222769953051643}],"Personal":[{"Friday":0.260471722299133,"Monday":0.238759385686296,"Saturday":0.232914217287176,"Sunday":0.222869359679176,"Thursday":0.27226587579931,"Tuesday":0.265224671365022,"Wednesday":0.287991071428571}],"Positioning":[{"Friday":0.30343137254902,"Monday":0.41304347826087,"Saturday":0.385416666666667,"Sunday":0.333333333333333,"Thursday":0.500241896468312,"Tuesday":0.54004418668876,"Wednesday":0.245614035087719}],"Unknown":[{"Friday":0.0838205672312532,"Monday":0.105809635197744,"Saturday":0.114315570054183,"Sunday":0.118252675991593,"Thursday":0.0896844801985657,"Tuesday":0.0874467078190763,"Wednesday":0.105613752026364}]},"weekend":{"Aerial Application":[{"No Weekend":0.375,"Saturday":0,"Sunday":"NA"}],"Business":[{"No Weekend":0.324729812489868,"Saturday":0.211969696969697,"Sunday":0.17969696969697}],"Instructional":[{"No Weekend":0.263123657951244,"Saturday":0.242211838006231,"Sunday":0.302247191011236}],"Personal":[{"No Weekend":0.26398466383329,"Saturday":0.232914217287176,"Sunday":0.222869359679176}],"Positioning":[{"No Weekend":0.392188015253936,"Saturday":0.385416666666667,"Sunday":0.333333333333333}],"Unknown":[{"No Weekend":0.0945771926004194,"Saturday":0.114315570054183,"Sunday":0.118252675991593}]},"month":{"Aerial Application":[{"01":"NA","02":0,"03":1,"04":0,"05":0,"06":0.666666666666667,"07":0,"08":0,"09":"NA","10":"NA","11":"NA","12":"NA"}],"Business":[{"01":0.441309523809524,"02":0.288511904761905,"03":0.289166666666667,"04":0.323697916666667,"05":0.301535087719298,"06":0.283098591549296,"07":0.2109375,"08":0.313219349457882,"09":0.135714285714286,"10":0.305938697318008,"11":0.342857142857143,"12":0.342896174863388}],"Instructional":[{"01":0.185714285714286,"02":0.369512195121951,"03":0.236486486486486,"04":0.268181818181818,"05":0.283333333333333,"06":0.240961199294533,"07":0.21780303030303,"08":0.298672911787666,"09":0.258771929824561,"10":0.184397163120567,"11":0.215094339622642,"12":0.445945945945946}],"Personal":[{"01":0.322949067393512,"02":0.256135770234987,"03":0.279292354391956,"04":0.265325990209168,"05":0.247451790633609,"06":0.213905447070915,"07":0.197512436252459,"08":0.202563308232453,"09":0.223195329087049,"10":0.243162393162393,"11":0.336522861356932,"12":0.285171417729557}],"Positioning":[{"01":0.45041928721174,"02":0.303030303030303,"03":0.393518518518518,"04":0.346153846153846,"05":0.194444444444444,"06":0.411458333333333,"07":0.506410256410256,"08":0.305555555555556,"09":0.333333333333333,"10":0.703703703703704,"11":0.334613743064447,"12":0.376470588235294}],"Unknown":[{"01":0.0948466849868905,"02":0.112220167927428,"03":0.0836069099392997,"04":0.0928079023337182,"05":0.0735885257576025,"06":0.0955817443294757,"07":0.117096110931506,"08":0.123122917750216,"09":0.100213575711584,"10":0.0990067609379732,"11":0.10333566470552,"12":0.108314637195679}]},"year":{"Aerial Application":[{"1982":0,"1983":0,"1984":"NA","1985":0,"1986":0.5,"1987":"NA","1988":"NA","1989":"NA","1990":"NA","1991":"NA","1992":0,"1993":0,"1994":"NA","1995":"NA","1996":"NA","1997":"NA","1998":"NA","1999":"NA","2000":"NA","2001":"NaN","2002":1,"2003":"NA","2004":"NA","2005":1,"2006":"NA","2007":"NaN","2008":"NA","2009":"NA","2010":"NA","2011":"NA","2012":"NA","2013":"NA"}],"Business":[{"1982":0.30952380952381,"1983":0.18010752688172,"1984":0.26875,"1985":0.207478632478632,"1986":0.333333333333333,"1987":0.3125,"1988":0.229575163398693,"1989":0.329824561403509,"1990":0.201360544217687,"1991":0.198188405797101,"1992":0.275573192239859,"1993":0.204761904761905,"1994":0.252688172043011,"1995":0.258771929824561,"1996":0.15,"1997":0.348148148148148,"1998":0.361344537815126,"1999":0.288888888888889,"2000":0.338,"2001":0.85,"2002":0.67012987012987,"2003":0.911111111111111,"2004":0.764102564102564,"2005":0.7375,"2006":0.797619047619048,"2007":0.571428571428571,"2008":0.666666666666667,"2009":1,"2010":0.8,"2011":1,"2012":0.75,"2013":0.778571428571429}],"Instructional":[{"1982":0.196078431372549,"1983":0.0520833333333333,"1984":0.0577777777777778,"1985":0.314444444444444,"1986":0.255952380952381,"1987":0.225308641975309,"1988":0.155797101449275,"1989":0.293333333333333,"1990":0.297619047619048,"1991":0.155555555555556,"1992":0.128968253968254,"1993":0.264583333333333,"1994":0.200980392156863,"1995":0.274305555555556,"1996":0.239583333333333,"1997":0.244444444444444,"1998":0.166666666666667,"1999":0.18,"2000":0.196969696969697,"2001":0.708333333333333,"2002":0.802083333333333,"2003":0.873611111111111,"2004":0.716666666666667,"2005":0.825396825396825,"2006":1,"2007":0.888888888888889,"2008":0.458333333333333,"2009":0.625,"2010":1,"2011":0.666666666666667,"2012":0.733333333333333,"2013":0.8}],"Personal":[{"1982":0.215853909465021,"1983":0.194763711936387,"1984":0.197390977443609,"1985":0.171237683836847,"1986":0.177401220344769,"1987":0.186111111111111,"1988":0.197222222222222,"1989":0.196290491118077,"1990":0.172688564476886,"1991":0.206709265175719,"1992":0.245229885057471,"1993":0.183030303030303,"1994":0.192759603104431,"1995":0.163440303657695,"1996":0.184828101644245,"1997":0.23468253968254,"1998":0.190783410138249,"1999":0.179807692307692,"2000":0.19043392504931,"2001":0.849593495934959,"2002":0.844358974358974,"2003":0.757481496997626,"2004":0.791666666666667,"2005":0.8625,"2006":0.765804597701149,"2007":0.795925925925926,"2008":0.486703703703704,"2009":0.81140350877193,"2010":0.761190476190476,"2011":0.867063492063492,"2012":0.856770833333333,"2013":0.861111111111111}],"Positioning":[{"1982":"NA","1983":0,"1984":0.307692307692308,"1985":0.266666666666667,"1986":0,"1987":0.55,"1988":0.4,"1989":0.111111111111111,"1990":0.00157232704402516,"1991":0.4,"1992":0.0625,"1993":0.333333333333333,"1994":0.334741784037559,"1995":0.142857142857143,"1996":0.2,"1997":0,"1998":0.375,"1999":0.277777777777778,"2000":0.37037037037037,"2001":0.333333333333333,"2002":0.566666666666667,"2003":0.75,"2004":0.888888888888889,"2005":0.854166666666667,"2006":1,"2007":1,"2008":0.5,"2009":1,"2010":0.719444444444444,"2011":"NaN","2012":"NaN","2013":0.916666666666667}],"Unknown":[{"1982":0.116887443267152,"1983":0.0671398716226302,"1984":0.0745874587458746,"1985":0.131402537104428,"1986":0.105940428380187,"1987":0.101260612588209,"1988":0.0757987166305248,"1989":0.0914499574179782,"1990":0.089230725698934,"1991":0.130285242809995,"1992":0.133081268409582,"1993":0.099200408050198,"1994":0.146562448809707,"1995":0.0699351606248158,"1996":0.106308008779441,"1997":0.107622062146677,"1998":0.0630597014925373,"1999":0.0920474851509334,"2000":0.0600358422939068,"2001":1,"2002":"NaN","2003":"NaN","2004":0.571428571428571,"2005":"NaN","2006":1,"2007":1,"2008":"NA","2009":"NaN","2010":"NaN","2011":1,"2012":"NaN","2013":0.4}]},"holiday":{"Aerial Application":[{"Christmas":"NA","No Holiday":0.333333333333333,"Thanksgiving":"NA"}],"Business":[{"Christmas":0.0333333333333333,"No Holiday":0.297544068892082,"Thanksgiving":0}],"Instructional":[{"Christmas":0.5,"No Holiday":0.263514902363823,"Thanksgiving":0.125}],"Personal":[{"Christmas":0.25189620758483,"No Holiday":0.242154205634797,"Thanksgiving":0.400810185185185}],"Positioning":[{"Christmas":0.183333333333333,"No Holiday":0.392604562248721,"Thanksgiving":0}],"Unknown":[{"Christmas":0.0717916796348169,"No Holiday":0.101307783285241,"Thanksgiving":0.0802469135802469}]}}
