{"day":{"Aerial Application":[{"Monday":0.186666666666667,"Tuesday":0.188073394495413,"Wednesday":0.178571428571429,"Thursday":0.186335403726708,"Friday":0.158536585365854,"Saturday":0.169902912621359,"Sunday":0.217194570135747}],"Business":[{"Monday":0.304347826086957,"Tuesday":0.271739130434783,"Wednesday":0.345945945945946,"Thursday":0.285714285714286,"Friday":0.240641711229947,"Saturday":0.27906976744186,"Sunday":0.346938775510204}],"Instructional":[{"Monday":0.0780780780780781,"Tuesday":0.0803324099722992,"Wednesday":0.0920716112531969,"Thursday":0.0710526315789474,"Friday":0.09366391184573,"Saturday":0.116981132075472,"Sunday":0.103950103950104}],"Other Work Use":[{"Monday":0.346153846153846,"Tuesday":0.333333333333333,"Wednesday":0.260869565217391,"Thursday":0.239130434782609,"Friday":0.30188679245283,"Saturday":0.292307692307692,"Sunday":0.339622641509434}],"Personal":[{"Monday":0.298154981549816,"Tuesday":0.28876127973749,"Wednesday":0.282608695652174,"Thursday":0.267277856135402,"Friday":0.309218950064021,"Saturday":0.325925925925926,"Sunday":0.324171029668412}],"Positioning":[{"Monday":0.275862068965517,"Tuesday":0.421052631578947,"Wednesday":0.243589743589744,"Thursday":0.275862068965517,"Friday":0.259259259259259,"Saturday":0.183333333333333,"Sunday":0.25}]},"weekend":{"Aerial Application":[{"No Weekend":0.179289687633718,"Saturday":0.169902912621359,"Sunday":0.217194570135747}],"Business":[{"No Weekend":0.289237668161435,"Saturday":0.27906976744186,"Sunday":0.346938775510204}],"Instructional":[{"No Weekend":0.0831509846827133,"Saturday":0.116981132075472,"Sunday":0.103950103950104}],"Other Work Use":[{"No Weekend":0.298387096774194,"Saturday":0.292307692307692,"Sunday":0.339622641509434}],"Personal":[{"No Weekend":0.289634146341463,"Saturday":0.325925925925926,"Sunday":0.324171029668412}],"Positioning":[{"No Weekend":0.294736842105263,"Saturday":0.183333333333333,"Sunday":0.25}]},"month":{"Aerial Application":[{"01":0.259259259259259,"02":0.195121951219512,"03":0.164634146341463,"04":0.190954773869347,"05":0.199501246882793,"06":0.16970802919708,"07":0.16260162601626,"08":0.171717171717172,"09":0.195833333333333,"10":0.25,"11":0.217391304347826,"12":0.103448275862069}],"Business":[{"01":0.383561643835616,"02":0.338028169014085,"03":0.3625,"04":0.296703296703297,"05":0.227722772277228,"06":0.191304347826087,"07":0.245098039215686,"08":0.234375,"09":0.304347826086957,"10":0.277777777777778,"11":0.316455696202532,"12":0.472972972972973}],"Instructional":[{"01":0.0804020100502513,"02":0.0751173708920188,"03":0.104602510460251,"04":0.111111111111111,"05":0.0763052208835341,"06":0.0985401459854015,"07":0.0802675585284281,"08":0.118881118881119,"09":0.0987124463519313,"10":0.0701754385964912,"11":0.0913978494623656,"12":0.104294478527607}],"Other Work Use":[{"01":0.416666666666667,"02":0.153846153846154,"03":0.1875,"04":0.257142857142857,"05":0.219512195121951,"06":0.324324324324324,"07":0.4,"08":0.3,"09":0.333333333333333,"10":0.333333333333333,"11":0.277777777777778,"12":0.315789473684211}],"Personal":[{"01":0.344234079173838,"02":0.297090352220521,"03":0.252336448598131,"04":0.298714144411474,"05":0.289473684210526,"06":0.298605414273995,"07":0.288281811646298,"08":0.286724273369992,"09":0.309895833333333,"10":0.317460317460317,"11":0.357440890125174,"12":0.368670886075949}],"Positioning":[{"01":0.346153846153846,"02":0.268292682926829,"03":0.323529411764706,"04":0.214285714285714,"05":0.346153846153846,"06":0.263157894736842,"07":0.158730158730159,"08":0.318181818181818,"09":0.340425531914894,"10":0.277777777777778,"11":0.269230769230769,"12":0.258064516129032}]},"year":{"Aerial Application":[{"1982":0.232704402515723,"1983":0.149193548387097,"1984":0.142857142857143,"1985":0.145569620253165,"1986":0.146739130434783,"1987":0.16374269005848,"1988":0.158536585365854,"1989":0.258278145695364,"1990":0.195945945945946,"1991":0.173076923076923,"1992":0.173913043478261,"1993":0.194244604316547,"1994":0.228758169934641,"1995":0.149659863945578,"1996":0.193798449612403,"1997":0.208695652173913,"1998":0.165413533834586,"1999":0.179487179487179,"2000":0.264957264957265,"2001":"NaN","2002":"NaN","2003":"NaN","2004":"NaN","2005":"NaN","2006":0,"2007":"NaN","2008":0,"2009":"NaN","2010":"NaN","2011":"NaN","2012":"NaN","2013":"NaN"}],"Business":[{"1982":0.254237288135593,"1983":0.211009174311927,"1984":0.375,"1985":0.309278350515464,"1986":0.320512820512821,"1987":0.2875,"1988":0.310810810810811,"1989":0.295081967213115,"1990":0.301587301587302,"1991":0.392156862745098,"1992":0.358974358974359,"1993":0.222222222222222,"1994":0.272727272727273,"1995":0.241379310344828,"1996":0.340909090909091,"1997":0.25,"1998":0.444444444444444,"1999":0.171428571428571,"2000":0.260869565217391,"2001":"NaN","2002":"NaN","2003":"NaN","2004":"NaN","2005":0,"2006":"NaN","2007":0,"2008":0,"2009":"NaN","2010":"NaN","2011":"NaN","2012":"NaN","2013":"NaN"}],"Instructional":[{"1982":0.0805084745762712,"1983":0.0980392156862745,"1984":0.0851063829787234,"1985":0.106918238993711,"1986":0.132352941176471,"1987":0.0903225806451613,"1988":0.124260355029586,"1989":0.108695652173913,"1990":0.0822784810126582,"1991":0.0943396226415094,"1992":0.0977443609022556,"1993":0.102040816326531,"1994":0.0656934306569343,"1995":0.083969465648855,"1996":0.0465116279069767,"1997":0.0692307692307692,"1998":0.121739130434783,"1999":0.0560747663551402,"2000":0.132530120481928,"2001":"NaN","2002":"NaN","2003":"NaN","2004":"NaN","2005":"NaN","2006":"NaN","2007":1,"2008":0.0434782608695652,"2009":0,"2010":"NaN","2011":"NaN","2012":"NaN","2013":"NaN"}],"Other Work Use":[{"1982":"NA","1983":0.259259259259259,"1984":0.2,"1985":0.384615384615385,"1986":0.181818181818182,"1987":0.166666666666667,"1988":0.32,"1989":0.37037037037037,"1990":0.545454545454545,"1991":0.380952380952381,"1992":0.130434782608696,"1993":0.333333333333333,"1994":0.4375,"1995":0.35,"1996":0.416666666666667,"1997":0.1875,"1998":0.285714285714286,"1999":0.2,"2000":0.25,"2001":"NaN","2002":"NaN","2003":"NaN","2004":"NaN","2005":"NaN","2006":"NaN","2007":"NaN","2008":"NaN","2009":"NaN","2010":"NaN","2011":"NaN","2012":"NaN","2013":"NaN"}],"Personal":[{"1982":0.26867816091954,"1983":0.33969465648855,"1984":0.330538922155689,"1985":0.259154929577465,"1986":0.280597014925373,"1987":0.288709677419355,"1988":0.309904153354633,"1989":0.270125223613596,"1990":0.299826689774697,"1991":0.354497354497354,"1992":0.343362831858407,"1993":0.296703296703297,"1994":0.339357429718876,"1995":0.307547169811321,"1996":0.321153846153846,"1997":0.297520661157025,"1998":0.277777777777778,"1999":0.291139240506329,"2000":0.284916201117318,"2001":1,"2002":0,"2003":"NaN","2004":"NaN","2005":"NaN","2006":1,"2007":0.774193548387097,"2008":0.258992805755396,"2009":"NaN","2010":"NaN","2011":"NaN","2012":"NaN","2013":"NaN"}],"Positioning":[{"1982":"NA","1983":0.3125,"1984":0.290322580645161,"1985":0.352941176470588,"1986":0.25,"1987":0.172413793103448,"1988":0.227272727272727,"1989":0.3,"1990":0.214285714285714,"1991":0.307692307692308,"1992":0.208333333333333,"1993":0.111111111111111,"1994":0.315789473684211,"1995":0.375,"1996":0.277777777777778,"1997":0.269230769230769,"1998":0.2,"1999":0.32258064516129,"2000":0.40625,"2001":0,"2002":"NaN","2003":"NaN","2004":"NaN","2005":"NaN","2006":"NaN","2007":0.5,"2008":0,"2009":"NaN","2010":"NaN","2011":"NaN","2012":"NaN","2013":"NaN"}]},"holiday":{"Aerial Application":[{"No Holiday":0.180775716694772,"Thanksgiving":0,"Christmas":0.25}],"Business":[{"No Holiday":0.289881494986326,"Thanksgiving":0.444444444444444,"Christmas":0.461538461538462}],"Instructional":[{"No Holiday":0.0940754039497307,"Thanksgiving":0.0454545454545455,"Christmas":0.03125}],"Other Work Use":[{"No Holiday":0.304709141274238,"Thanksgiving":0,"Christmas":0.5}],"Personal":[{"No Holiday":0.302797634807166,"Thanksgiving":0.356589147286822,"Christmas":0.353333333333333}],"Positioning":[{"No Holiday":0.279317697228145,"Thanksgiving":0,"Christmas":0.25}]}}
