{"day":{"Aerial Application":[{"Monday":0.813333333333333,"Tuesday":0.811926605504587,"Wednesday":0.821428571428571,"Thursday":0.813664596273292,"Friday":0.841463414634146,"Saturday":0.830097087378641,"Sunday":0.782805429864253}],"Business":[{"Monday":0.695652173913043,"Tuesday":0.728260869565217,"Wednesday":0.654054054054054,"Thursday":0.714285714285714,"Friday":0.759358288770054,"Saturday":0.720930232558139,"Sunday":0.653061224489796}],"Instructional":[{"Monday":0.921921921921922,"Tuesday":0.919667590027701,"Wednesday":0.907928388746803,"Thursday":0.928947368421053,"Friday":0.90633608815427,"Saturday":0.883239171374765,"Sunday":0.896049896049896}],"Other Work Use":[{"Monday":0.653846153846154,"Tuesday":0.666666666666667,"Wednesday":0.739130434782609,"Thursday":0.760869565217391,"Friday":0.69811320754717,"Saturday":0.707692307692308,"Sunday":0.660377358490566}],"Personal":[{"Monday":0.701845018450185,"Tuesday":0.71123872026251,"Wednesday":0.717391304347826,"Thursday":0.732533521524347,"Friday":0.69078104993598,"Saturday":0.674074074074074,"Sunday":0.675828970331588}],"Positioning":[{"Monday":0.724137931034483,"Tuesday":0.578947368421053,"Wednesday":0.756410256410256,"Thursday":0.720930232558139,"Friday":0.740740740740741,"Saturday":0.816666666666667,"Sunday":0.75}]},"weekend":{"Aerial Application":[{"No Weekend":0.820710312366282,"Saturday":0.830097087378641,"Sunday":0.782805429864253}],"Business":[{"No Weekend":0.710762331838565,"Saturday":0.720930232558139,"Sunday":0.653061224489796}],"Instructional":[{"No Weekend":0.916849015317287,"Saturday":0.883239171374765,"Sunday":0.896049896049896}],"Other Work Use":[{"No Weekend":0.701612903225806,"Saturday":0.707692307692308,"Sunday":0.660377358490566}],"Personal":[{"No Weekend":0.710323798460868,"Saturday":0.674074074074074,"Sunday":0.675828970331588}],"Positioning":[{"No Weekend":0.704485488126649,"Saturday":0.816666666666667,"Sunday":0.75}]},"month":{"Aerial Application":[{"01":0.740740740740741,"02":0.804878048780488,"03":0.835365853658537,"04":0.809045226130653,"05":0.800498753117207,"06":0.83029197080292,"07":0.83739837398374,"08":0.828282828282828,"09":0.804166666666667,"10":0.75,"11":0.782608695652174,"12":0.896551724137931}],"Business":[{"01":0.616438356164384,"02":0.661971830985915,"03":0.6375,"04":0.703296703296703,"05":0.772277227722772,"06":0.808695652173913,"07":0.754901960784314,"08":0.765625,"09":0.695652173913043,"10":0.722222222222222,"11":0.683544303797468,"12":0.527027027027027}],"Instructional":[{"01":0.919597989949749,"02":0.924882629107981,"03":0.895397489539749,"04":0.888888888888889,"05":0.923694779116466,"06":0.901459854014598,"07":0.92,"08":0.881118881118881,"09":0.901287553648069,"10":0.929824561403509,"11":0.908602150537634,"12":0.895705521472393}],"Other Work Use":[{"01":0.583333333333333,"02":0.846153846153846,"03":0.8125,"04":0.742857142857143,"05":0.780487804878049,"06":0.675675675675676,"07":0.6,"08":0.7,"09":0.666666666666667,"10":0.666666666666667,"11":0.722222222222222,"12":0.684210526315789}],"Personal":[{"01":0.655765920826162,"02":0.702909647779479,"03":0.747663551401869,"04":0.701285855588526,"05":0.710526315789474,"06":0.701394585726005,"07":0.711510791366906,"08":0.713275726630008,"09":0.690372940156115,"10":0.682539682539683,"11":0.642061281337047,"12":0.631329113924051}],"Positioning":[{"01":0.653846153846154,"02":0.725,"03":0.676470588235294,"04":0.785714285714286,"05":0.653846153846154,"06":0.736842105263158,"07":0.841269841269841,"08":0.681818181818182,"09":0.659574468085106,"10":0.722222222222222,"11":0.730769230769231,"12":0.741935483870968}]},"year":{"Aerial Application":[{"1982":0.767295597484277,"1983":0.850806451612903,"1984":0.857142857142857,"1985":0.854430379746835,"1986":0.853260869565217,"1987":0.83625730994152,"1988":0.841463414634146,"1989":0.741721854304636,"1990":0.804054054054054,"1991":0.826923076923077,"1992":0.826086956521739,"1993":0.805755395683453,"1994":0.77124183006536,"1995":0.850340136054422,"1996":0.806201550387597,"1997":0.791304347826087,"1998":0.834586466165414,"1999":0.82051282051282,"2000":0.735042735042735,"2001":"NaN","2002":"NaN","2003":"NaN","2004":"NaN","2005":"NaN","2006":1,"2007":"NaN","2008":1,"2009":"NaN","2010":"NaN","2011":"NaN","2012":"NaN","2013":"NaN"}],"Business":[{"1982":0.745762711864407,"1983":0.788990825688073,"1984":0.625,"1985":0.690721649484536,"1986":0.67948717948718,"1987":0.7125,"1988":0.689189189189189,"1989":0.704918032786885,"1990":0.698412698412698,"1991":0.607843137254902,"1992":0.641025641025641,"1993":0.777777777777778,"1994":0.727272727272727,"1995":0.758620689655172,"1996":0.659090909090909,"1997":0.75,"1998":0.555555555555556,"1999":0.828571428571429,"2000":0.739130434782609,"2001":"NaN","2002":"NaN","2003":"NaN","2004":"NaN","2005":1,"2006":"NaN","2007":1,"2008":1,"2009":"NaN","2010":"NaN","2011":"NaN","2012":"NaN","2013":"NaN"}],"Instructional":[{"1982":0.919491525423729,"1983":0.901960784313726,"1984":0.914893617021277,"1985":0.893081761006289,"1986":0.867647058823529,"1987":0.909677419354839,"1988":0.875739644970414,"1989":0.891304347826087,"1990":0.917721518987342,"1991":0.905660377358491,"1992":0.902255639097744,"1993":0.897959183673469,"1994":0.934306569343066,"1995":0.916030534351145,"1996":0.953488372093023,"1997":0.930769230769231,"1998":0.878260869565217,"1999":0.94392523364486,"2000":0.867469879518072,"2001":"NaN","2002":1,"2003":"NaN","2004":"NaN","2005":"NaN","2006":"NaN","2007":0,"2008":0.956521739130435,"2009":1,"2010":"NaN","2011":"NaN","2012":"NaN","2013":"NaN"}],"Other Work Use":[{"1982":"NA","1983":0.740740740740741,"1984":0.8,"1985":0.615384615384615,"1986":0.818181818181818,"1987":0.833333333333333,"1988":0.68,"1989":0.62962962962963,"1990":0.454545454545455,"1991":0.619047619047619,"1992":0.869565217391304,"1993":0.666666666666667,"1994":0.5625,"1995":0.65,"1996":0.583333333333333,"1997":0.8125,"1998":0.714285714285714,"1999":0.8,"2000":0.75,"2001":"NaN","2002":"NaN","2003":"NaN","2004":"NaN","2005":"NaN","2006":"NaN","2007":"NaN","2008":"NaN","2009":"NaN","2010":"NaN","2011":"NaN","2012":"NaN","2013":"NaN"}],"Personal":[{"1982":0.73132183908046,"1983":0.66030534351145,"1984":0.669461077844311,"1985":0.740845070422535,"1986":0.719402985074627,"1987":0.710823909531502,"1988":0.690095846645367,"1989":0.729874776386404,"1990":0.700173310225303,"1991":0.645502645502645,"1992":0.656637168141593,"1993":0.703296703296703,"1994":0.660642570281124,"1995":0.692452830188679,"1996":0.678846153846154,"1997":0.702479338842975,"1998":0.722222222222222,"1999":0.708860759493671,"2000":0.71455223880597,"2001":0,"2002":1,"2003":"NaN","2004":"NaN","2005":"NaN","2006":0,"2007":0.225806451612903,"2008":0.741007194244604,"2009":"NaN","2010":"NaN","2011":"NaN","2012":"NaN","2013":"NaN"}],"Positioning":[{"1982":"NA","1983":0.6875,"1984":0.709677419354839,"1985":0.647058823529412,"1986":0.75,"1987":0.827586206896552,"1988":0.772727272727273,"1989":0.7,"1990":0.785714285714286,"1991":0.692307692307692,"1992":0.791666666666667,"1993":0.888888888888889,"1994":0.684210526315789,"1995":0.625,"1996":0.722222222222222,"1997":0.730769230769231,"1998":0.8,"1999":0.67741935483871,"2000":0.59375,"2001":"NaN","2002":"NaN","2003":"NaN","2004":"NaN","2005":"NaN","2006":"NaN","2007":0.5,"2008":1,"2009":"NaN","2010":"NaN","2011":"NaN","2012":"NaN","2013":"NaN"}]},"holiday":{"Aerial Application":[{"No Holiday":0.819224283305228,"Thanksgiving":1,"Christmas":0.75}],"Business":[{"No Holiday":0.710118505013674,"Thanksgiving":0.555555555555556,"Christmas":0.538461538461538}],"Instructional":[{"No Holiday":0.905958363244795,"Thanksgiving":0.954545454545455,"Christmas":0.96875}],"Other Work Use":[{"No Holiday":0.695290858725762,"Thanksgiving":1,"Christmas":0.5}],"Personal":[{"No Holiday":0.697175639894086,"Thanksgiving":0.643410852713178,"Christmas":0.646666666666667}],"Positioning":[{"No Holiday":0.72008547008547,"Thanksgiving":1,"Christmas":0.75}]}}
