{"day":{"Aerial Application":[{"Friday":0.0966469428007889,"Monday":0.110874200426439,"Saturday":0.0876777251184834,"Sunday":0.139130434782609,"Thursday":0.112903225806452,"Tuesday":0.10738255033557,"Wednesday":0.109979633401222}],"Business":[{"Friday":0.233160621761658,"Monday":0.274853801169591,"Saturday":0.208955223880597,"Sunday":0.288461538461538,"Thursday":0.252747252747253,"Tuesday":0.196808510638298,"Wednesday":0.316326530612245}],"Instructional":[{"Friday":0.0573770491803279,"Monday":0.0356083086053412,"Saturday":0.0631970260223048,"Sunday":0.0692464358452139,"Thursday":0.0391644908616188,"Tuesday":0.0494505494505494,"Wednesday":0.0680100755667506}],"Personal":[{"Friday":0.281357882623705,"Monday":0.269588313413015,"Saturday":0.270513300861746,"Sunday":0.2663195835002,"Thursday":0.257738471257107,"Tuesday":0.247933884297521,"Wednesday":0.264725795531483}],"Positioning":[{"Friday":0.287234042553192,"Monday":0.258064516129032,"Saturday":0.253521126760563,"Sunday":0.288888888888889,"Thursday":0.260869565217391,"Tuesday":0.386363636363636,"Wednesday":0.269662921348315}],"Unknown":[{"Friday":0.20863309352518,"Monday":0.240384615384615,"Saturday":0.283018867924528,"Sunday":0.27683615819209,"Thursday":0.283653846153846,"Tuesday":0.277310924369748,"Wednesday":0.248847926267281}]},"weekend":{"Aerial Application":[{"No Weekend":0.10746887966805,"Saturday":0.0876777251184834,"Sunday":0.139130434782609}],"Business":[{"No Weekend":0.254838709677419,"Saturday":0.208955223880597,"Sunday":0.288461538461538}],"Instructional":[{"No Weekend":0.0503519220357336,"Saturday":0.0631970260223048,"Sunday":0.0692464358452139}],"Personal":[{"No Weekend":0.265094957432875,"Saturday":0.270513300861746,"Sunday":0.2663195835002}],"Positioning":[{"No Weekend":0.294117647058824,"Saturday":0.253521126760563,"Sunday":0.288888888888889}],"Unknown":[{"No Weekend":0.249782419495213,"Saturday":0.283018867924528,"Sunday":0.27683615819209}]},"month":{"Aerial Application":[{"01":0.107142857142857,"02":0.116279069767442,"03":0.0670731707317073,"04":0.0886699507389163,"05":0.11566265060241,"06":0.114035087719298,"07":0.102040816326531,"08":0.10958904109589,"09":0.126016260162602,"10":0.104,"11":0.145833333333333,"12":0.0344827586206897}],"Business":[{"01":0.316455696202532,"02":0.302631578947368,"03":0.317073170731707,"04":0.247311827956989,"05":0.182692307692308,"06":0.163793103448276,"07":0.240384615384615,"08":0.196969696969697,"09":0.252100840336134,"10":0.22680412371134,"11":0.294117647058824,"12":0.395061728395062}],"Instructional":[{"01":0.0588235294117647,"02":0.0373831775700935,"03":0.0663900414937759,"04":0.0516605166051661,"05":0.044,"06":0.0678571428571429,"07":0.0462046204620462,"08":0.0482758620689655,"09":0.0638297872340425,"10":0.0521739130434783,"11":0.0729166666666667,"12":0.072289156626506}],"Personal":[{"01":0.323619631901841,"02":0.285118219749652,"03":0.225806451612903,"04":0.26423487544484,"05":0.231372549019608,"06":0.262686567164179,"07":0.246395806028834,"08":0.23060188542422,"09":0.253554502369668,"10":0.289799809342231,"11":0.345036319612591,"12":0.331468531468531}],"Positioning":[{"01":0.454545454545455,"02":0.227272727272727,"03":0.297297297297297,"04":0.155555555555556,"05":0.241379310344828,"06":0.27906976744186,"07":0.188405797101449,"08":0.358490566037736,"09":0.377358490566038,"10":0.292682926829268,"11":0.366666666666667,"12":0.342857142857143}],"Unknown":[{"01":0.281818181818182,"02":0.252336448598131,"03":0.23015873015873,"04":0.198473282442748,"05":0.25,"06":0.277777777777778,"07":0.21978021978022,"08":0.2375,"09":0.267080745341615,"10":0.30188679245283,"11":0.283018867924528,"12":0.358695652173913}]},"year":{"Aerial Application":[{"1982":0.0691823899371069,"1983":0.0604838709677419,"1984":0.0729613733905579,"1985":0.0506329113924051,"1986":0.0702702702702703,"1987":0.0526315789473684,"1988":0.0609756097560976,"1989":0.145695364238411,"1990":0.0878378378378378,"1991":0.0705128205128205,"1992":0.0652173913043478,"1993":0.100719424460432,"1994":0.111111111111111,"1995":0.0816326530612245,"1996":0.0697674418604651,"1997":0.130434782608696,"1998":0.0451127819548872,"1999":0.0847457627118644,"2000":0.162393162393162,"2001":1,"2002":1,"2003":1,"2004":1,"2005":1,"2006":0.875,"2007":1,"2008":0.388888888888889,"2009":1,"2010":1,"2011":1,"2012":1,"2013":1}],"Business":[{"1982":0.203389830508475,"1983":0.174311926605505,"1984":0.28125,"1985":0.216494845360825,"1986":0.205128205128205,"1987":0.225,"1988":0.22972972972973,"1989":0.213114754098361,"1990":0.19047619047619,"1991":0.372549019607843,"1992":0.333333333333333,"1993":0.138888888888889,"1994":0.159090909090909,"1995":0.206896551724138,"1996":0.204545454545455,"1997":0.2,"1998":0.388888888888889,"1999":0.171428571428571,"2000":0.166666666666667,"2001":1,"2002":1,"2003":1,"2004":1,"2005":0.8,"2006":1,"2007":0.666666666666667,"2008":0.6,"2009":1,"2010":1,"2011":"NaN","2012":1,"2013":1}],"Instructional":[{"1982":0.0423728813559322,"1983":0.0294117647058824,"1984":0.0478723404255319,"1985":0.0251572327044025,"1986":0.0588235294117647,"1987":0.032258064516129,"1988":0.0473372781065089,"1989":0.0652173913043478,"1990":0.0506329113924051,"1991":0.050314465408805,"1992":0.0601503759398496,"1993":0.0612244897959184,"1994":0.0364963503649635,"1995":0.0458015267175573,"1996":0.0155038759689922,"1997":0.0384615384615385,"1998":0.0521739130434783,"1999":0.00934579439252336,"2000":0.072289156626506,"2001":1,"2002":1,"2003":1,"2004":1,"2005":1,"2006":1,"2007":1,"2008":0.148148148148148,"2009":0.5,"2010":1,"2011":1,"2012":1,"2013":1}],"Personal":[{"1982":0.165229885057471,"1983":0.219822109275731,"1984":0.192814371257485,"1985":0.149295774647887,"1986":0.167164179104478,"1987":0.173913043478261,"1988":0.204472843450479,"1989":0.175,"1990":0.211072664359862,"1991":0.221830985915493,"1992":0.219469026548673,"1993":0.175824175824176,"1994":0.204819277108434,"1995":0.215094339622642,"1996":0.211538461538462,"1997":0.181818181818182,"1998":0.194642857142857,"1999":0.175406871609403,"2000":0.178107606679035,"2001":1,"2002":0.990909090909091,"2003":1,"2004":1,"2005":1,"2006":1,"2007":0.898148148148148,"2008":0.429268292682927,"2009":1,"2010":1,"2011":1,"2012":1,"2013":1}],"Positioning":[{"1982":"NA","1983":0.25,"1984":0.129032258064516,"1985":0.264705882352941,"1986":0.166666666666667,"1987":0.103448275862069,"1988":0.136363636363636,"1989":0.25,"1990":0.107142857142857,"1991":0.307692307692308,"1992":0.208333333333333,"1993":0.111111111111111,"1994":0.315789473684211,"1995":0.272727272727273,"1996":0.166666666666667,"1997":0.153846153846154,"1998":0.16,"1999":0.258064516129032,"2000":0.28125,"2001":0.9,"2002":1,"2003":1,"2004":1,"2005":1,"2006":1,"2007":0.6,"2008":0.5,"2009":1,"2010":1,"2011":1,"2012":1,"2013":1}],"Unknown":[{"1982":0.125925925925926,"1983":0.313131313131313,"1984":0.226190476190476,"1985":0.213592233009709,"1986":0.21875,"1987":0.373333333333333,"1988":0.311475409836066,"1989":0.231578947368421,"1990":0.358024691358025,"1991":0.3,"1992":0.239130434782609,"1993":0.354838709677419,"1994":0.338028169014085,"1995":0.328125,"1996":0.276315789473684,"1997":0.177215189873418,"1998":0.35,"1999":0.245614035087719,"2000":0.228070175438596,"2001":0.5,"2002":1,"2003":1,"2004":1,"2005":1,"2006":1,"2007":0.5,"2008":"NaN","2009":"NaN","2010":"NaN","2011":"NaN","2012":1,"2013":1}]},"holiday":{"Aerial Application":[{"Christmas":0.25,"No Holiday":0.106967615309127,"Thanksgiving":0}],"Business":[{"Christmas":0.307692307692308,"No Holiday":0.2521815008726,"Thanksgiving":0.222222222222222}],"Instructional":[{"Christmas":0,"No Holiday":0.0566973777462792,"Thanksgiving":0.0454545454545455}],"Personal":[{"Christmas":0.298245614035088,"No Holiday":0.265577446740349,"Thanksgiving":0.305555555555556}],"Positioning":[{"Christmas":0.4,"No Holiday":0.287878787878788,"Thanksgiving":0}],"Unknown":[{"Christmas":0.4,"No Holiday":0.257731958762887,"Thanksgiving":0.0714285714285714}]}}
