{"day":{"Aerial Application":[{"Monday":0.188455008488964,"Tuesday":0.19047619047619,"Wednesday":0.185471406491499,"Thursday":0.180404354587869,"Friday":0.165413533834586,"Saturday":0.166355140186916,"Sunday":0.23469387755102}],"Business":[{"Monday":0.319587628865979,"Tuesday":0.268867924528302,"Wednesday":0.333333333333333,"Thursday":0.281553398058252,"Friday":0.23963133640553,"Saturday":0.292993630573248,"Sunday":0.341666666666667}],"Instructional":[{"Monday":0.0843881856540084,"Tuesday":0.0737051792828685,"Wednesday":0.0880149812734082,"Thursday":0.0780669144981413,"Friday":0.077079107505071,"Saturday":0.112215909090909,"Sunday":0.110569105691057}],"Other Work Use":[{"Monday":0.324324324324324,"Tuesday":0.363636363636364,"Wednesday":0.349206349206349,"Thursday":0.298507462686567,"Friday":0.291666666666667,"Saturday":0.304878048780488,"Sunday":0.280487804878049}],"Personal":[{"Monday":0.303015564202335,"Tuesday":0.283324621014114,"Wednesday":0.286318758815233,"Thursday":0.279839070183281,"Friday":0.301233585356148,"Saturday":0.31758389261745,"Sunday":0.319536903039074}],"Positioning":[{"Monday":0.279569892473118,"Tuesday":0.377049180327869,"Wednesday":0.305785123966942,"Thursday":0.259842519685039,"Friday":0.296296296296296,"Saturday":0.242105263157895,"Sunday":0.296875}]},"weekend":{"Aerial Application":[{"No Weekend":0.181673052362708,"Saturday":0.166355140186916,"Sunday":0.23469387755102}],"Business":[{"No Weekend":0.288805268109125,"Saturday":0.292993630573248,"Sunday":0.341666666666667}],"Instructional":[{"No Weekend":0.0802833530106257,"Saturday":0.112215909090909,"Sunday":0.110569105691057}],"Other Work Use":[{"No Weekend":0.324561403508772,"Saturday":0.304878048780488,"Sunday":0.280487804878049}],"Personal":[{"No Weekend":0.291075050709939,"Saturday":0.31758389261745,"Sunday":0.319536903039074}],"Positioning":[{"No Weekend":0.304347826086957,"Saturday":0.242105263157895,"Sunday":0.296875}]},"month":{"Aerial Application":[{"January":0.238095238095238,"February":0.192660550458716,"March":0.151219512195122,"April":0.195402298850575,"May":0.2015065913371,"June":0.182960893854749,"July":0.171893147502904,"August":0.169366715758468,"September":0.189542483660131,"October":0.234177215189873,"November":0.229508196721311,"December":0.125}],"Business":[{"January":0.369565217391304,"February":0.351648351648352,"March":0.336734693877551,"April":0.281553398058252,"May":0.220338983050847,"June":0.195488721804511,"July":0.225806451612903,"August":0.238095238095238,"September":0.286713286713287,"October":0.317757009345794,"November":0.333333333333333,"December":0.5}],"Instructional":[{"January":0.0919117647058824,"February":0.0758620689655172,"March":0.0925925925925926,"April":0.0903954802259887,"May":0.072463768115942,"June":0.101298701298701,"July":0.079136690647482,"August":0.105793450881612,"September":0.105263157894737,"October":0.0789473684210526,"November":0.104417670682731,"December":0.0958904109589041}],"Other Work Use":[{"January":0.473684210526316,"February":0.217391304347826,"March":0.318181818181818,"April":0.222222222222222,"May":0.239130434782609,"June":0.317460317460317,"July":0.380952380952381,"August":0.269230769230769,"September":0.313725490196078,"October":0.37037037037037,"November":0.302325581395349,"December":0.387096774193548}],"Personal":[{"January":0.331491712707182,"February":0.291666666666667,"March":0.261295180722892,"April":0.290740740740741,"May":0.279005524861878,"June":0.291688177594218,"July":0.298791821561338,"August":0.280808080808081,"September":0.297872340425532,"October":0.329853862212944,"November":0.362753751103266,"December":0.370020964360587}],"Positioning":[{"January":0.434782608695652,"February":0.285714285714286,"March":0.309090909090909,"April":0.224137931034483,"May":0.337662337662338,"June":0.276923076923077,"July":0.176470588235294,"August":0.342465753424658,"September":0.328767123287671,"October":0.3,"November":0.30952380952381,"December":0.32}]},"year":{"Aerial Application":[{"1982":0.234177215189873,"1983":0.149193548387097,"1984":0.14957264957265,"1985":0.145569620253165,"1986":0.151351351351351,"1987":0.16374269005848,"1988":0.158536585365854,"1989":0.258278145695364,"1990":0.195945945945946,"1991":0.173076923076923,"1992":0.173913043478261,"1993":0.194244604316547,"1994":0.228758169934641,"1995":0.149659863945578,"1996":0.193798449612403,"1997":0.208695652173913,"1998":0.165413533834586,"1999":0.186440677966102,"2000":0.264462809917355,"2001":0.219178082191781,"2002":0.160493827160494,"2003":0.156626506024096,"2004":0.194805194805195,"2005":0.25,"2006":0.135593220338983,"2007":0.189873417721519,"2008":0.105263157894737,"2009":0.19672131147541,"2010":0.234567901234568,"2011":0.204301075268817,"2012":0.222222222222222,"2013":0.151515151515152}],"Business":[{"1982":0.260869565217391,"1983":0.219047619047619,"1984":0.375,"1985":0.319587628865979,"1986":0.324675324675325,"1987":0.291139240506329,"1988":0.323943661971831,"1989":0.295081967213115,"1990":0.306451612903226,"1991":0.392156862745098,"1992":0.358974358974359,"1993":0.228571428571429,"1994":0.272727272727273,"1995":0.241379310344828,"1996":0.340909090909091,"1997":0.25,"1998":0.444444444444444,"1999":0.171428571428571,"2000":0.291666666666667,"2001":0.333333333333333,"2002":0.333333333333333,"2003":0.35,"2004":0.12,"2005":0.2,"2006":0.307692307692308,"2007":0.1875,"2008":0.285714285714286,"2009":0.333333333333333,"2010":0.1875,"2011":0.125,"2012":0.4375,"2013":0.3125}],"Instructional":[{"1982":0.0811965811965812,"1983":0.0985221674876847,"1984":0.0860215053763441,"1985":0.107594936708861,"1986":0.133333333333333,"1987":0.0903225806451613,"1988":0.126506024096386,"1989":0.109489051094891,"1990":0.0822784810126582,"1991":0.0949367088607595,"1992":0.0984848484848485,"1993":0.102040816326531,"1994":0.0661764705882353,"1995":0.083969465648855,"1996":0.0465116279069767,"1997":0.0692307692307692,"1998":0.121739130434783,"1999":0.0560747663551402,"2000":0.123595505617978,"2001":0.12,"2002":0.0679611650485437,"2003":0.102272727272727,"2004":0.0760869565217391,"2005":0.0804597701149425,"2006":0.0845070422535211,"2007":0.08,"2008":0.0736842105263158,"2009":0.0675675675675676,"2010":0.0943396226415094,"2011":0.0909090909090909,"2012":0.078125,"2013":0.0819672131147541}],"Other Work Use":[{"1982":"NA","1983":0.259259259259259,"1984":0.2,"1985":0.384615384615385,"1986":0.19047619047619,"1987":0.166666666666667,"1988":0.32,"1989":0.407407407407407,"1990":0.545454545454545,"1991":0.409090909090909,"1992":0.136363636363636,"1993":0.333333333333333,"1994":0.4375,"1995":0.35,"1996":0.416666666666667,"1997":0.235294117647059,"1998":0.285714285714286,"1999":0.2,"2000":0.307692307692308,"2001":0.304347826086957,"2002":0.272727272727273,"2003":0.318181818181818,"2004":0.411764705882353,"2005":0.222222222222222,"2006":0.4,"2007":0.25,"2008":0.333333333333333,"2009":0.375,"2010":0.4,"2011":0.6,"2012":0.142857142857143,"2013":0.166666666666667}],"Personal":[{"1982":0.26984126984127,"1983":0.34403080872914,"1984":0.332134292565947,"1985":0.26025459688826,"1986":0.281437125748503,"1987":0.290113452188006,"1988":0.31139646869984,"1989":0.272401433691756,"1990":0.303135888501742,"1991":0.354385964912281,"1992":0.342198581560284,"1993":0.297247706422018,"1994":0.339321357285429,"1995":0.306967984934087,"1996":0.322393822393822,"1997":0.297520661157025,"1998":0.281867145421903,"1999":0.291666666666667,"2000":0.282331511839709,"2001":0.322,"2002":0.312015503875969,"2003":0.284452296819788,"2004":0.321792260692464,"2005":0.265822784810127,"2006":0.26984126984127,"2007":0.282771535580524,"2008":0.30060120240481,"2009":0.312734082397004,"2010":0.260162601626016,"2011":0.298872180451128,"2012":0.349019607843137,"2013":0.296495956873315}],"Positioning":[{"1982":"NA","1983":0.357142857142857,"1984":0.3,"1985":0.371428571428571,"1986":0.264705882352941,"1987":0.178571428571429,"1988":0.238095238095238,"1989":0.3,"1990":0.222222222222222,"1991":0.307692307692308,