{"day":{"Aerial Application":[{"Monday":0.811544991511036,"Tuesday":0.80952380952381,"Wednesday":0.814528593508501,"Thursday":0.819595645412131,"Friday":0.834586466165414,"Saturday":0.833644859813084,"Sunday":0.76530612244898}],"Business":[{"Monday":0.680412371134021,"Tuesday":0.731132075471698,"Wednesday":0.666666666666667,"Thursday":0.718446601941748,"Friday":0.76036866359447,"Saturday":0.707006369426752,"Sunday":0.658333333333333}],"Instructional":[{"Monday":0.915611814345992,"Tuesday":0.926294820717131,"Wednesday":0.911985018726592,"Thursday":0.921933085501859,"Friday":0.922920892494929,"Saturday":0.887784090909091,"Sunday":0.889430894308943}],"Other Work Use":[{"Monday":0.675675675675676,"Tuesday":0.636363636363636,"Wednesday":0.650793650793651,"Thursday":0.701492537313433,"Friday":0.708333333333333,"Saturday":0.695121951219512,"Sunday":0.719512195121951}],"Personal":[{"Monday":0.696984435797665,"Tuesday":0.716675378985886,"Wednesday":0.713681241184767,"Thursday":0.720160929816719,"Friday":0.698766414643852,"Saturday":0.68241610738255,"Sunday":0.680463096960926}],"Positioning":[{"Monday":0.720430107526882,"Tuesday":0.622950819672131,"Wednesday":0.694214876033058,"Thursday":0.740157480314961,"Friday":0.703703703703704,"Saturday":0.757894736842105,"Sunday":0.703125}]},"weekend":{"Aerial Application":[{"No Weekend":0.818326947637292,"Saturday":0.833644859813084,"Sunday":0.76530612244898}],"Business":[{"No Weekend":0.711194731890875,"Saturday":0.707006369426752,"Sunday":0.658333333333333}],"Instructional":[{"No Weekend":0.919716646989374,"Saturday":0.887784090909091,"Sunday":0.889430894308943}],"Other Work Use":[{"No Weekend":0.675438596491228,"Saturday":0.695121951219512,"Sunday":0.719512195121951}],"Personal":[{"No Weekend":0.708924949290061,"Saturday":0.68241610738255,"Sunday":0.680463096960926}],"Positioning":[{"No Weekend":0.695652173913043,"Saturday":0.757894736842105,"Sunday":0.703125}]},"month":{"Aerial Application":[{"January":0.761904761904762,"February":0.807339449541284,"March":0.848780487804878,"April":0.804597701149425,"May":0.7984934086629,"June":0.817039106145251,"July":0.828106852497096,"August":0.830633284241532,"September":0.810457516339869,"October":0.765822784810127,"November":0.770491803278688,"December":0.875}],"Business":[{"January":0.630434782608696,"February":0.648351648351648,"March":0.663265306122449,"April":0.718446601941748,"May":0.779661016949153,"June":0.804511278195489,"July":0.774193548387097,"August":0.761904761904762,"September":0.713286713286713,"October":0.682242990654206,"November":0.666666666666667,"December":0.5}],"Instructional":[{"January":0.908088235294118,"February":0.924137931034483,"March":0.907407407407407,"April":0.909604519774011,"May":0.927536231884058,"June":0.898701298701299,"July":0.920863309352518,"August":0.894206549118388,"September":0.894736842105263,"October":0.921052631578947,"November":0.895582329317269,"December":0.904109589041096}],"Other Work Use":[{"January":0.526315789473684,"February":0.782608695652174,"March":0.681818181818182,"April":0.777777777777778,"May":0.760869565217391,"June":0.682539682539683,"July":0.619047619047619,"August":0.730769230769231,"September":0.686274509803922,"October":0.62962962962963,"November":0.697674418604651,"December":0.612903225806452}],"Personal":[{"January":0.668508287292818,"February":0.708333333333333,"March":0.738704819277108,"April":0.709259259259259,"May":0.720994475138122,"June":0.708311822405782,"July":0.701208178438662,"August":0.719191919191919,"September":0.702127659574468,"October":0.670146137787056,"November":0.637246248896734,"December":0.629979035639413}],"Positioning":[{"January":0.565217391304348,"February":0.714285714285714,"March":0.690909090909091,"April":0.775862068965517,"May":0.662337662337662,"June":0.723076923076923,"July":0.823529411764706,"August":0.657534246575342,"September":0.671232876712329,"October":0.7,"November":0.69047619047619,"December":0.68}]},"year":{"Aerial Application":[{"1982":0.765822784810127,"1983":0.850806451612903,"1984":0.85042735042735,"1985":0.854430379746835,"1986":0.848648648648649,"1987":0.83625730994152,"1988":0.841463414634146,"1989":0.741721854304636,"1990":0.804054054054054,"1991":0.826923076923077,"1992":0.826086956521739,"1993":0.805755395683453,"1994":0.77124183006536,"1995":0.850340136054422,"1996":0.806201550387597,"1997":0.791304347826087,"1998":0.834586466165414,"1999":0.813559322033898,"2000":0.735537190082645,"2001":0.780821917808219,"2002":0.839506172839506,"2003":0.843373493975904,"2004":0.805194805194805,"2005":0.75,"2006":0.864406779661017,"2007":0.810126582278481,"2008":0.894736842105263,"2009":0.80327868852459,"2010":0.765432098765432,"2011":0.795698924731183,"2012":0.777777777777778,"2013":0.848484848484849}],"Business":[{"1982":0.739130434782609,"1983":0.780952380952381,"1984":0.625,"1985":0.680412371134021,"1986":0.675324675324675,"1987":0.708860759493671,"1988":0.676056338028169,"1989":0.704918032786885,"1990":0.693548387096774,"1991":0.607843137254902,"1992":0.641025641025641,"1993":0.771428571428571,"1994":0.727272727272727,"1995":0.758620689655172,"1996":0.659090909090909,"1997":0.75,"1998":0.555555555555556,"1999":0.828571428571429,"2000":0.708333333333333,"2001":0.666666666666667,"2002":0.666666666666667,"2003":0.65,"2004":0.88,"2005":0.8,"2006":0.692307692307692,"2007":0.8125,"2008":0.714285714285714,"2009":0.666666666666667,"2010":0.8125,"2011":0.875,"2012":0.5625,"2013":0.6875}],"Instructional":[{"1982":0.918803418803419,"1983":0.901477832512315,"1984":0.913978494623656,"1985":0.892405063291139,"1986":0.866666666666667,"1987":0.909677419354839,"1988":0.873493975903614,"1989":0.89051094890511,"1990":0.917721518987342,"1991":0.905063291139241,"1992":0.901515151515151,"1993":0.897959183673469,"1994":0.933823529411765,"1995":0.916030534351145,"1996":0.953488372093023,"1997":0.930769230769231,"1998":0.878260869565217,"1999":0.94392523364486,"2000":0.876404494382023,"2001":0.88,"2002":0.932038834951456,"2003":0.897727272727273,"2004":0.923913043478261,"2005":0.919540229885057,"2006":0.915492957746479,"2007":0.92,"2008":0.926315789473684,"2009":0.932432432432432,"2010":0.905660377358491,"2011":0.909090909090909,"2012":0.921875,"2013":0.918032786885246}],"Other Work Use":[{"1982":"NA","1983":0.740740740740741,"1984":0.8,"1985":0.615384615384615,"1986":0.80952380952381,"1987":0.833333333333333,"1988":0.68,"1989":0.592592592592593,"1990":0.454545454545455,"1991":0.590909090909091,"1992":0.863636363636364,"1993":0.666666666666667,"1994":0.5625,"1995":0.65,"1996":0.583333333333333,"1997":0.764705882352941,"1998":0.714285714285714,"1999":0.8,"2000":0.692307692307692,"2001":0.695652173913043,"2002":0.727272727272727,"2003":0.681818181818182,"2004":0.588235294117647,"2005":0.777777777777778,"2006":0.6,"2007":0.75,"2008":0.666666666666667,"2009":0.625,"2010":0.6,"2011":0.4,"2012":0.857142857142857,"2013":0.833333333333333}],"Personal":[{"1982":0.73015873015873,"1983":0.65596919127086,"1984":0.667865707434053,"1985":0.73974540311174,"1986":0.718562874251497,"1987":0.709886547811994,"1988":0.68860353130016,"1989":0.727598566308244,"1990":0.696864111498258,"1991":0.645614035087719,"1992":0.657801418439716,"1993":0.702752293577982,"1994":0.660678642714571,"1995":0.693032015065913,"1996":0.677606177606178,"1997":0.702479338842975,"1998":0.718132854578097,"1999":0.708333333333333,"2000":0.717668488160291,"2001":0.678,"2002":0.687984496124031,"2003":0.715547703180212,"2004":0.678207739307536,"2005":0.734177215189873,"2006":0.73015873015873,"2007":0.717228464419476,"2008":0.69939879759519,"2009":0.687265917602996,"2010":0.739837398373984,"2011":0.701127819548872,"2012":0.650980392156863,"2013":0.703504043126685}],"Positioning":[{"1982":"NA","1983":0.642857142857143,"1984":0.7,"1985":0.628571428571429,"1986":0.735294117647059,"1987":0.821428571428571,"1988":0.761904761904762,"1989":0.7,"1990":0.777777777777778,"1991":0.692307692307692,"1992":0.791666666666667,"1993":0.882352941176471,